timestamp,src_ip,method,uri,attack_type,threat_score,outcome,payload_sample
2026-05-31T22:24:32.954242,127.0.0.1,GET,/,None,0,Allowed,
2026-05-31T22:24:33.925572,127.0.0.1,GET,/search,XSS,5,HTTP 403 Forbidden,"{'query_q': '<script>alert(1)</script>', 'header_user_agent': 'curl/8.19.0'}"
2026-05-31T22:24:34.370280,127.0.0.1,GET,/view,LFI,4,HTTP 403 Forbidden,"{'query_file': '../../etc/passwd', 'header_user_agent': 'curl/8.19.0'}"
2026-05-31T22:24:34.871266,127.0.0.1,GET,/ping,Command Injection,5,HTTP 403 Forbidden,"{'query_ip': '127.0.0.1;whoami', 'header_user_agent': 'curl/8.19.0'}"
2026-05-31T22:24:35.417515,127.0.0.1,GET,/,None,0,Allowed,
2026-05-31T22:24:35.719498,127.0.0.1,GET,/,None,0,HTTP 429 Too Many Requests,
2026-05-31T22:24:36.000228,127.0.0.1,GET,/,None,0,HTTP 429 Too Many Requests,
2026-05-31T22:24:36.278281,127.0.0.1,GET,/,None,0,HTTP 429 Too Many Requests,
2026-05-31T22:24:36.617409,127.0.0.1,GET,/,None,0,HTTP 429 Too Many Requests,
2026-05-31T22:24:36.957513,127.0.0.1,GET,/,None,0,HTTP 429 Too Many Requests,
2026-05-31T22:24:37.282904,127.0.0.1,GET,/,None,0,HTTP 429 Too Many Requests,
2026-05-31T22:24:37.555660,127.0.0.1,GET,/,None,0,HTTP 429 Too Many Requests,
2026-05-31T22:24:37.823873,127.0.0.1,GET,/,None,0,HTTP 429 Too Many Requests,
2026-05-31T22:24:38.098095,127.0.0.1,GET,/,None,0,HTTP 429 Too Many Requests,
2026-06-01T10:59:41.588368,127.0.0.1,GET,/,Command Injection,5,HTTP 403 Forbidden,"{'header_user_agent': 'Mozilla/5.0 (Windows NT 10.0; Win64; x64) AppleWebKit/537.36 (KHTML, like Gec"
2026-06-01T10:59:44.242487,127.0.0.1,GET,/favicon.ico,Command Injection,5,HTTP 403 Forbidden,"{'header_user_agent': 'Mozilla/5.0 (Windows NT 10.0; Win64; x64) AppleWebKit/537.36 (KHTML, like Gec"
2026-06-01T11:02:05.282283,127.0.0.1,GET,/,None,0,Allowed,
2026-06-01T11:02:05.721419,127.0.0.1,GET,/favicon.ico,None,0,Allowed,
2026-06-01T11:02:08.594519,127.0.0.1,GET,/,None,0,Allowed,
2026-06-01T11:02:13.018588,127.0.0.1,GET,/,None,0,Allowed,
2026-06-01T11:02:29.286723,127.0.0.1,GET,/,None,0,Allowed,
2026-06-01T11:03:26.688797,127.0.0.1,GET,/,None,0,Allowed,
2026-06-01T11:03:26.886745,127.0.0.1,GET,/favicon.ico,None,0,Allowed,
2026-06-01T11:05:45.732803,127.0.0.1,GET,/,None,0,Allowed,
2026-06-01T11:05:47.659416,127.0.0.1,GET,/,None,0,Allowed,
2026-06-01T11:27:25.118944,127.0.0.1,GET,/favicon.ico,None,0,Allowed,
2026-06-01T11:31:09.451304,127.0.0.1,POST,/api/scan,None,0,Allowed,
2026-06-01T12:58:16.533942,127.0.0.1,GET,/login,None,0,Allowed,
2026-06-01T12:58:16.750878,127.0.0.1,GET,/favicon.ico,None,0,Allowed,
2026-06-01T12:58:28.191232,127.0.0.1,POST,/login,None,0,Allowed,
2026-06-01T12:59:14.551094,127.0.0.1,POST,/login,None,0,Allowed,
2026-06-01T12:59:37.811583,127.0.0.1,POST,/login,None,0,Allowed,
2026-06-01T12:59:43.120400,127.0.0.1,GET,/x,None,0,Allowed,
2026-06-01T12:59:47.275033,127.0.0.1,GET,/x,None,0,Allowed,
2026-06-01T13:18:59.290638,127.0.0.1,GET,/test,None,0,Allowed,
2026-06-01T13:19:05.723409,127.0.0.1,GET,/search,XSS,5,HTTP 403 Forbidden,"{'query_q': '<script>alert(1)</script>', 'header_user_agent': 'Mozilla/5.0 (Windows NT 10.0; Win64; "
2026-06-01T13:19:07.325486,127.0.0.1,GET,/view,LFI,4,HTTP 403 Forbidden,"{'query_file': '../../../../etc/passwd', 'header_user_agent': 'Mozilla/5.0 (Windows NT 10.0; Win64; "
2026-06-01T13:19:08.287578,127.0.0.1,GET,/ping,Command Injection,5,HTTP 403 Forbidden,"{'query_ip': '8.8.8.8 | whoami', 'header_user_agent': 'Mozilla/5.0 (Windows NT 10.0; Win64; x64) App"
2026-06-01T13:19:08.849197,185.112.164.108,POST,/login,None,0,Allowed,
2026-06-01T13:19:09.168402,185.112.164.108,POST,/login,None,0,Allowed,
2026-06-01T13:19:09.437033,185.112.164.108,POST,/login,None,0,Allowed,
2026-06-01T13:19:09.487962,185.112.164.108,POST,/login,None,0,Allowed,
2026-06-01T13:19:09.753305,185.112.164.108,POST,/login,None,0,Allowed,
2026-06-01T13:19:09.806021,185.112.164.108,POST,/login,None,0,HTTP 429 Too Many Requests,
2026-06-01T13:19:10.081794,185.112.164.108,POST,/login,None,0,HTTP 429 Too Many Requests,
2026-06-01T13:19:10.123398,185.112.164.108,POST,/login,None,0,HTTP 429 Too Many Requests,
2026-06-01T13:19:10.394719,185.80.253.119,GET,/about,None,0,Allowed,
2026-06-01T13:19:10.437936,185.112.164.108,POST,/login,None,0,HTTP 429 Too Many Requests,
2026-06-01T13:19:10.453193,185.29.63.235,GET,/search,None,0,Allowed,
2026-06-01T13:19:10.715646,185.112.164.108,POST,/login,None,0,HTTP 429 Too Many Requests,
2026-06-01T13:19:10.757490,185.37.15.4,GET,/,None,0,Allowed,
2026-06-01T13:19:10.767495,185.112.164.108,POST,/login,None,0,HTTP 429 Too Many Requests,
2026-06-01T13:19:11.037866,185.37.15.4,GET,/login,None,0,Allowed,
2026-06-01T13:19:11.072992,185.112.164.108,POST,/login,None,0,HTTP 429 Too Many Requests,
2026-06-01T13:19:11.077956,185.252.148.104,GET,/about,None,0,Allowed,
2026-06-01T13:19:11.352255,185.112.164.108,POST,/login,None,0,HTTP 429 Too Many Requests,
2026-06-01T13:19:11.382763,185.153.93.79,GET,/about,None,0,Allowed,
2026-06-01T13:19:11.390898,185.224.129.195,GET,/search,None,0,Allowed,
2026-06-01T13:19:11.535996,185.112.164.108,POST,/login,None,0,HTTP 429 Too Many Requests,
2026-06-01T13:19:11.668224,185.93.194.215,GET,/search,None,0,Allowed,
2026-06-01T13:19:11.705933,185.179.68.219,GET,/,None,0,Allowed,
2026-06-01T13:19:11.707932,185.112.164.108,POST,/login,None,0,HTTP 429 Too Many Requests,
2026-06-01T13:19:11.855571,185.101.57.102,GET,/login,None,0,Allowed,
2026-06-01T13:19:11.984662,185.112.164.108,POST,/login,None,0,HTTP 429 Too Many Requests,
2026-06-01T13:19:12.022382,185.179.68.219,GET,/login,None,0,Allowed,
2026-06-01T13:19:12.169665,185.34.254.217,GET,/search,None,0,Allowed,
2026-06-01T13:19:12.173887,185.112.164.108,POST,/login,None,0,HTTP 429 Too Many Requests,
2026-06-01T13:19:12.305147,185.18.184.173,GET,/about,None,0,Allowed,
2026-06-01T13:19:12.339510,185.42.15.79,GET,/search,None,0,Allowed,
2026-06-01T13:19:12.484593,185.112.164.108,POST,/login,None,0,HTTP 429 Too Many Requests,
2026-06-01T13:19:12.484593,185.16.41.65,GET,/login,None,0,Allowed,
2026-06-01T13:19:12.619249,185.88.125.122,GET,/,None,0,Allowed,
2026-06-01T13:19:12.653269,185.112.164.108,POST,/login,None,0,HTTP 429 Too Many Requests,
2026-06-01T13:19:12.802842,185.62.58.166,GET,/login,None,0,Allowed,
2026-06-01T13:19:12.804851,185.146.33.145,GET,/,None,0,Allowed,
2026-06-01T13:19:12.936131,185.112.164.108,POST,/login,None,0,HTTP 429 Too Many Requests,
2026-06-01T13:19:12.962351,185.88.125.122,GET,/login,None,0,Allowed,
2026-06-01T13:19:13.115086,185.53.179.92,GET,/,None,0,Allowed,
2026-06-01T13:19:13.115086,185.146.33.145,GET,/login,None,0,Allowed,
2026-06-01T13:19:13.266569,185.53.179.92,GET,/login,None,0,Allowed,
2026-06-01T13:19:13.433199,185.105.60.132,GET,/,None,0,Allowed,
2026-06-01T13:19:13.433199,185.242.90.42,GET,/search,None,0,Allowed,
2026-06-01T13:19:13.586630,185.105.60.132,GET,/login,None,0,Allowed,
2026-06-01T13:19:13.748765,185.178.193.192,GET,/,None,0,Allowed,
2026-06-01T13:19:13.748765,185.112.36.142,GET,/about,None,0,Allowed,
2026-06-01T13:19:13.898662,185.178.193.192,GET,/login,None,0,Allowed,
2026-06-01T13:19:14.060839,185.71.70.18,GET,/about,None,0,Allowed,
2026-06-01T13:19:14.068268,185.233.158.124,GET,/about,None,0,Allowed,
2026-06-01T13:19:14.372308,185.166.8.81,GET,/,None,0,Allowed,
2026-06-01T13:19:14.679235,185.191.145.175,GET,/,None,0,Allowed,
2026-06-01T13:19:14.684248,185.166.8.81,GET,/login,None,0,Allowed,
2026-06-01T13:19:14.953489,185.191.145.175,GET,/login,None,0,Allowed,
2026-06-01T13:19:15.005516,185.192.209.195,GET,/,None,0,Allowed,
2026-06-01T13:19:15.012564,185.113.210.122,GET,/,None,0,Allowed,
2026-06-01T13:19:15.315944,185.192.209.195,GET,/login,None,0,Allowed,
2026-06-01T13:19:15.322808,185.113.210.122,GET,/login,None,0,Allowed,
2026-06-01T13:19:15.639943,185.200.176.50,GET,/,None,0,Allowed,
2026-06-01T13:19:15.658582,185.8.116.99,GET,/about,None,0,Allowed,
2026-06-01T13:19:15.958241,185.200.176.50,GET,/login,None,0,Allowed,
2026-06-01T13:36:05.317658,127.0.0.1,GET,/x,None,0,Allowed,
2026-06-01T14:07:55.233307,127.0.0.1,GET,/,None,0,Allowed,
2026-06-01T14:07:55.270244,127.0.0.1,GET,/login,None,0,Allowed,
2026-06-01T14:08:00.858685,127.0.0.1,GET,/signup,None,0,Allowed,
2026-06-01T14:08:17.890037,127.0.0.1,POST,/signup,None,0,Allowed,
2026-06-01T14:08:18.291889,127.0.0.1,GET,/login,None,0,Allowed,
2026-06-01T14:08:28.250599,127.0.0.1,POST,/login,None,0,Allowed,
2026-06-01T14:09:14.865442,127.0.0.1,GET,/signup,None,0,Allowed,
2026-06-01T14:10:05.340641,127.0.0.1,GET,/login,None,0,Allowed,
2026-06-01T14:10:06.572059,127.0.0.1,POST,/login,None,0,Allowed,
2026-06-01T14:14:25.512178,127.0.0.1,GET,/test,None,0,Allowed,
2026-06-01T14:14:30.289055,127.0.0.1,GET,/search,XSS,5,HTTP 403 Forbidden,"{'query_q': '<script>alert(1)</script>', 'header_user_agent': 'Mozilla/5.0 (Windows NT 10.0; Win64; "
2026-06-01T14:14:31.244017,127.0.0.1,GET,/view,LFI,4,HTTP 403 Forbidden,"{'query_file': '../../../../etc/passwd', 'header_user_agent': 'Mozilla/5.0 (Windows NT 10.0; Win64; "
2026-06-01T14:14:32.588473,127.0.0.1,GET,/ping,Command Injection,5,HTTP 403 Forbidden,"{'query_ip': '8.8.8.8 | whoami', 'header_user_agent': 'Mozilla/5.0 (Windows NT 10.0; Win64; x64) App"
2026-06-01T14:52:41.649772,127.0.0.1,GET,/,None,0,Allowed,
2026-06-01T14:52:41.673224,127.0.0.1,GET,/login,None,0,Allowed,
2026-06-01T14:52:44.249824,127.0.0.1,GET,/favicon.ico,None,0,Allowed,
2026-06-01T14:54:19.483697,127.0.0.1,GET,/login,None,0,Allowed,
2026-06-01T14:54:55.781397,127.0.0.1,POST,/login,None,0,Allowed,
2026-06-01T15:41:19.861858,127.0.0.1,GET,/test,None,0,Allowed,
2026-06-01T15:41:25.952347,127.0.0.1,GET,/search,XSS,5,HTTP 403 Forbidden,"{'query_q': '<script>alert(1)</script>', 'header_user_agent': 'Mozilla/5.0 (Windows NT 10.0; Win64; "
2026-06-01T15:41:26.927310,127.0.0.1,GET,/view,LFI,4,HTTP 403 Forbidden,"{'query_file': '../../../../etc/passwd', 'header_user_agent': 'Mozilla/5.0 (Windows NT 10.0; Win64; "
2026-06-01T15:41:28.113388,127.0.0.1,GET,/ping,Command Injection,5,HTTP 403 Forbidden,"{'query_ip': '8.8.8.8 | whoami', 'header_user_agent': 'Mozilla/5.0 (Windows NT 10.0; Win64; x64) App"
2026-06-01T15:41:28.788582,185.145.147.192,POST,/login,None,0,Allowed,
2026-06-01T15:41:29.114703,185.145.147.192,POST,/login,None,0,Allowed,
2026-06-01T15:41:29.384364,185.145.147.192,POST,/login,None,0,Allowed,
2026-06-01T15:41:29.432718,185.145.147.192,POST,/login,None,0,Allowed,
2026-06-01T15:41:29.712266,185.145.147.192,POST,/login,None,0,Allowed,
2026-06-01T15:41:29.745091,185.145.147.192,POST,/login,None,0,HTTP 429 Too Many Requests,
2026-06-01T15:41:30.021858,185.145.147.192,POST,/login,None,0,HTTP 429 Too Many Requests,
2026-06-01T15:41:30.062125,185.145.147.192,POST,/login,None,0,HTTP 429 Too Many Requests,
2026-06-01T15:41:30.336141,185.145.147.192,POST,/login,None,0,HTTP 429 Too Many Requests,
2026-06-01T15:41:30.378938,185.145.147.192,POST,/login,None,0,HTTP 429 Too Many Requests,
2026-06-01T15:41:30.649339,185.215.162.11,GET,/about,None,0,Allowed,
2026-06-01T15:41:30.657965,185.145.147.192,POST,/login,None,0,HTTP 429 Too Many Requests,
2026-06-01T15:41:30.694401,185.246.67.82,GET,/about,None,0,Allowed,
2026-06-01T15:41:30.965936,185.18.152.198,GET,/login,None,0,Allowed,
2026-06-01T15:41:30.965936,185.145.147.192,POST,/login,None,0,HTTP 429 Too Many Requests,
2026-06-01T15:41:31.011690,185.145.147.192,POST,/login,None,0,HTTP 429 Too Many Requests,
2026-06-01T15:41:31.282549,185.98.110.41,GET,/login,None,0,Allowed,
2026-06-01T15:41:31.294014,185.145.147.192,POST,/login,None,0,HTTP 429 Too Many Requests,
2026-06-01T15:41:31.327843,185.145.147.192,POST,/login,None,0,HTTP 429 Too Many Requests,
2026-06-01T15:41:31.610603,185.116.156.201,GET,/search,None,0,Allowed,
2026-06-01T15:41:31.611605,185.145.147.192,POST,/login,None,0,HTTP 429 Too Many Requests,
2026-06-01T15:41:31.645962,185.178.145.73,GET,/login,None,0,Allowed,
2026-06-01T15:41:31.920895,185.145.147.192,POST,/login,None,0,HTTP 429 Too Many Requests,
2026-06-01T15:41:31.928020,185.141.131.163,GET,/login,None,0,Allowed,
2026-06-01T15:41:31.979092,185.145.147.192,POST,/login,None,0,HTTP 429 Too Many Requests,
2026-06-01T15:41:32.234790,185.206.95.5,GET,/about,None,0,Allowed,
2026-06-01T15:41:32.248948,185.145.147.192,POST,/login,None,0,HTTP 429 Too Many Requests,
2026-06-01T15:41:32.295370,185.160.149.89,GET,/,None,0,Allowed,
2026-06-01T15:41:32.559611,185.145.147.192,POST,/login,None,0,HTTP 429 Too Many Requests,
2026-06-01T15:41:32.564775,185.160.149.89,GET,/login,None,0,Allowed,
2026-06-01T15:41:32.610690,185.9.4.254,GET,/,None,0,Allowed,
2026-06-01T15:41:32.778888,185.181.124.3,GET,/search,None,0,Allowed,
2026-06-01T15:41:32.883781,185.9.4.254,GET,/login,None,0,Allowed,
2026-06-01T15:41:32.926642,185.20.251.52,GET,/login,None,0,Allowed,
2026-06-01T15:41:33.200511,185.96.78.173,GET,/about,None,0,Allowed,
2026-06-01T15:41:33.243437,185.243.190.236,GET,/,None,0,Allowed,
2026-06-01T15:41:33.511595,185.243.190.236,GET,/login,None,0,Allowed,
2026-06-01T15:41:33.607938,185.231.64.67,GET,/,None,0,Allowed,
2026-06-01T15:41:33.894059,185.51.246.32,GET,/,None,0,Allowed,
2026-06-01T15:41:33.924775,185.231.64.67,GET,/login,None,0,Allowed,
2026-06-01T15:41:33.933863,185.51.246.32,GET,/login,None,0,Allowed,
2026-06-01T15:41:34.246122,185.220.102.158,GET,/search,None,0,Allowed,
2026-06-01T15:41:34.565312,185.14.180.38,GET,/search,None,0,Allowed,
2026-06-01T15:41:34.831199,185.30.64.182,GET,/search,None,0,Allowed,
2026-06-01T15:41:34.876506,185.5.206.196,GET,/about,None,0,Allowed,
2026-06-01T15:41:34.880320,185.111.158.46,GET,/login,None,0,Allowed,
2026-06-01T15:41:35.143434,185.223.85.139,GET,/search,None,0,Allowed,
2026-06-01T15:41:35.196736,185.239.150.97,GET,/login,None,0,Allowed,
2026-06-01T15:41:35.207984,185.253.246.52,GET,/search,None,0,Allowed,
2026-06-01T15:41:35.457401,185.227.32.105,GET,/search,None,0,Allowed,
2026-06-01T15:41:35.525914,185.148.80.184,GET,/about,None,0,Allowed,
2026-06-01T15:41:35.527987,185.171.131.20,GET,/login,None,0,Allowed,
2026-06-01T15:41:35.772806,185.104.120.211,GET,/search,None,0,Allowed,
2026-06-01T15:41:35.842281,185.161.112.46,GET,/,None,0,Allowed,
2026-06-01T15:41:35.848929,185.137.254.17,GET,/,None,0,Allowed,
2026-06-01T15:41:36.159010,185.161.112.46,GET,/login,None,0,Allowed,
2026-06-01T15:41:36.472118,185.137.254.17,GET,/login,None,0,Allowed,
2026-06-01T15:41:36.743370,185.140.192.239,GET,/login,None,0,Allowed,
2026-06-01T15:41:36.793168,185.161.128.31,GET,/login,None,0,Allowed,
2026-06-01T15:41:37.067315,185.102.232.204,GET,/login,None,0,Allowed,
2026-06-01T15:41:37.108518,185.185.72.4,GET,/search,None,0,Allowed,
2026-06-01T15:41:37.108518,185.160.47.172,GET,/login,None,0,Allowed,
2026-06-01T15:41:37.392224,185.201.209.91,GET,/search,None,0,Allowed,
2026-06-01T15:41:37.427475,185.51.16.107,GET,/login,None,0,Allowed,
2026-06-01T15:41:37.436872,185.240.188.72,GET,/login,None,0,Allowed,
2026-06-01T15:41:37.746646,185.210.152.225,GET,/login,None,0,Allowed,
2026-06-01T15:41:37.746646,185.6.128.240,GET,/,None,0,Allowed,
2026-06-01T15:41:38.002509,185.110.128.149,GET,/about,None,0,Allowed,
2026-06-01T15:41:38.078123,185.6.128.240,GET,/login,None,0,Allowed,
2026-06-01T15:41:38.085801,185.73.38.83,GET,/login,None,0,Allowed,
2026-06-01T15:41:38.397550,185.251.118.239,GET,/,None,0,Allowed,
2026-06-01T15:41:38.399557,185.46.229.174,GET,/search,None,0,Allowed,
2026-06-01T15:41:38.715943,185.251.118.239,GET,/login,None,0,Allowed,
2026-06-01T15:41:38.715943,185.140.38.77,GET,/,None,0,Allowed,
2026-06-01T15:41:38.972061,185.76.186.31,GET,/,None,0,Allowed,
2026-06-01T15:41:39.030039,185.140.38.77,GET,/login,None,0,Allowed,
2026-06-01T15:41:39.037555,185.76.186.31,GET,/login,None,0,Allowed,
2026-06-01T15:41:39.341884,185.247.36.146,GET,/search,None,0,Allowed,
2026-06-01T15:41:39.351942,185.217.102.162,GET,/,None,0,Allowed,
2026-06-01T15:41:39.666750,185.224.57.47,GET,/about,None,0,Allowed,
2026-06-01T15:41:39.666750,185.217.102.162,GET,/login,None,0,Allowed,
2026-06-01T15:41:39.984167,185.108.111.85,GET,/search,None,0,Allowed,
2026-06-01T15:41:39.991086,185.178.159.104,GET,/about,None,0,Allowed,
2026-06-01T15:41:40.297864,185.2.173.92,GET,/search,None,0,Allowed,
2026-06-01T15:41:40.308314,185.112.137.218,GET,/about,None,0,Allowed,
2026-06-01T15:41:40.608619,185.229.251.175,GET,/,None,0,Allowed,
2026-06-01T15:41:40.923332,185.98.5.75,GET,/,None,0,Allowed,
2026-06-01T15:41:40.923332,185.229.251.175,GET,/login,None,0,Allowed,
2026-06-01T15:41:41.181730,185.98.5.75,GET,/login,None,0,Allowed,
2026-06-01T15:41:41.241696,185.21.132.79,GET,/about,None,0,Allowed,
2026-06-01T15:41:41.250681,185.178.176.18,GET,/about,None,0,Allowed,
2026-06-01T15:41:41.567618,185.28.154.76,GET,/about,None,0,Allowed,
2026-06-01T15:41:41.567618,185.67.53.200,GET,/search,None,0,Allowed,
2026-06-01T15:41:41.831822,185.156.85.101,GET,/,None,0,Allowed,
2026-06-01T15:41:41.880431,185.125.39.132,GET,/about,None,0,Allowed,
2026-06-01T15:41:41.889181,185.156.85.101,GET,/login,None,0,Allowed,
2026-06-01T15:41:42.149512,185.168.189.97,GET,/login,None,0,Allowed,
2026-06-01T15:41:42.208843,185.192.140.210,GET,/login,None,0,Allowed,
2026-06-01T15:41:42.466298,185.73.137.132,GET,/about,None,0,Allowed,
2026-06-01T15:41:42.472202,185.203.70.62,GET,/login,None,0,Allowed,
2026-06-01T15:41:42.530892,185.27.25.34,GET,/,None,0,Allowed,
2026-06-01T15:41:42.781702,185.56.192.105,GET,/,None,0,Allowed,
2026-06-01T15:41:42.845524,185.27.25.34,GET,/login,None,0,Allowed,
2026-06-01T15:41:42.855394,185.56.192.105,GET,/login,None,0,Allowed,
2026-06-01T15:41:43.174816,185.202.36.43,GET,/about,None,0,Allowed,
2026-06-01T15:41:43.178837,185.58.154.58,GET,/login,None,0,Allowed,
2026-06-01T15:41:43.510778,185.171.232.66,GET,/login,None,0,Allowed,
2026-06-01T15:41:43.772045,185.236.46.61,GET,/login,None,0,Allowed,
2026-06-01T15:41:43.828054,185.194.176.107,GET,/search,None,0,Allowed,
2026-06-01T15:41:43.837326,185.248.170.14,GET,/search,None,0,Allowed,
2026-06-01T15:41:44.142266,185.86.190.61,GET,/about,None,0,Allowed,
2026-06-01T15:41:44.152963,185.95.11.60,GET,/login,None,0,Allowed,
2026-06-01T15:41:44.477448,185.80.29.114,GET,/login,None,0,Allowed,
2026-06-01T15:41:44.478955,185.185.6.17,GET,/about,None,0,Allowed,
2026-06-01T15:41:44.727544,185.89.141.99,GET,/,None,0,Allowed,
2026-06-01T15:41:44.794686,185.199.226.214,GET,/about,None,0,Allowed,
2026-06-01T15:41:44.795686,185.89.141.99,GET,/login,None,0,Allowed,
2026-06-01T15:41:45.042427,185.151.25.10,GET,/about,None,0,Allowed,
2026-06-01T15:41:45.110423,185.234.94.119,GET,/login,None,0,Allowed,
2026-06-01T15:41:45.118562,185.138.158.9,GET,/search,None,0,Allowed,
2026-06-01T15:41:45.359139,185.210.99.203,GET,/search,None,0,Allowed,
2026-06-01T15:41:45.442683,185.8.98.204,GET,/login,None,0,Allowed,
2026-06-01T15:41:45.442683,185.136.71.201,GET,/search,None,0,Allowed,
2026-06-01T15:41:45.682924,185.42.19.198,GET,/,None,0,Allowed,
2026-06-01T15:41:45.771491,185.184.153.199,GET,/,None,0,Allowed,
2026-06-01T15:41:46.001605,185.42.19.198,GET,/login,None,0,Allowed,
2026-06-01T15:41:46.013699,185.184.153.199,GET,/login,None,0,Allowed,
2026-06-01T15:41:46.326281,185.64.6.89,GET,/,None,0,Allowed,
2026-06-01T15:41:46.334690,185.171.47.205,GET,/about,None,0,Allowed,
2026-06-01T15:41:46.651973,185.64.6.89,GET,/login,None,0,Allowed,
2026-06-01T15:41:46.979357,185.136.221.2,GET,/login,None,0,Allowed,
2026-06-01T15:41:46.984193,185.57.218.30,GET,/about,None,0,Allowed,
2026-06-01T15:41:47.295841,185.191.241.133,GET,/search,None,0,Allowed,
2026-06-01T15:41:47.295841,185.13.13.161,GET,/about,None,0,Allowed,
2026-06-01T15:41:47.563275,185.56.218.245,GET,/,None,0,Allowed,
2026-06-01T15:41:47.619839,185.228.152.124,GET,/about,None,0,Allowed,
2026-06-01T15:41:47.621078,185.56.218.245,GET,/login,None,0,Allowed,
2026-06-01T15:41:47.882047,185.36.73.7,GET,/about,None,0,Allowed,
2026-06-01T15:41:47.946846,185.18.156.98,GET,/search,None,0,Allowed,
2026-06-01T15:41:47.945844,185.103.225.25,GET,/,None,0,Allowed,
2026-06-01T15:41:48.205489,185.248.187.126,GET,/about,None,0,Allowed,
2026-06-01T15:41:48.282540,185.103.225.25,GET,/login,None,0,Allowed,
2026-06-01T15:41:48.284535,185.204.229.188,GET,/about,None,0,Allowed,
2026-06-01T15:41:48.518752,185.209.217.49,GET,/login,None,0,Allowed,
2026-06-01T15:41:48.614856,185.40.90.160,GET,/search,None,0,Allowed,
2026-06-01T15:41:48.615857,185.142.124.108,GET,/,None,0,Allowed,
2026-06-01T15:41:48.830043,185.30.14.78,GET,/,None,0,Allowed,
2026-06-01T15:41:48.938037,185.142.124.108,GET,/login,None,0,Allowed,
2026-06-01T15:41:49.123804,185.30.14.78,GET,/login,None,0,Allowed,
2026-06-01T15:41:49.280197,185.0.44.119,GET,/search,None,0,Allowed,
2026-06-01T15:41:49.282197,185.241.62.73,GET,/login,None,0,Allowed,
2026-06-01T15:41:49.448850,185.132.209.254,GET,/search,None,0,Allowed,
2026-06-01T15:41:49.604945,185.33.71.90,GET,/login,None,0,Allowed,
2026-06-01T15:41:49.762401,185.106.20.19,GET,/login,None,0,Allowed,
2026-06-01T15:41:49.931413,185.209.158.35,GET,/login,None,0,Allowed,
2026-06-01T15:41:50.086137,185.186.188.175,GET,/about,None,0,Allowed,
2026-06-01T15:41:50.242667,185.187.144.101,GET,/login,None,0,Allowed,
2026-06-01T15:41:50.412588,185.93.179.132,GET,/login,None,0,Allowed,
2026-06-01T15:41:50.566009,185.75.129.121,GET,/search,None,0,Allowed,
2026-06-01T15:41:50.738294,185.67.26.241,GET,/search,None,0,Allowed,
2026-06-01T15:41:50.877288,185.35.210.26,GET,/search,None,0,Allowed,
2026-06-01T15:41:51.061265,185.226.220.229,GET,/search,None,0,Allowed,
2026-06-01T15:41:51.200340,185.88.53.193,GET,/about,None,0,Allowed,
2026-06-01T15:41:51.372683,185.46.229.95,GET,/,None,0,Allowed,
2026-06-01T15:41:51.513585,185.46.229.95,GET,/login,None,0,Allowed,
2026-06-01T15:41:51.684796,185.199.31.161,GET,/,None,0,Allowed,
2026-06-01T15:41:51.841356,185.199.31.161,GET,/login,None,0,Allowed,
2026-06-01T15:41:52.011536,185.10.190.103,GET,/,None,0,Allowed,
2026-06-01T15:41:52.167222,185.10.190.103,GET,/login,None,0,Allowed,
2026-06-01T15:41:52.324517,185.33.216.70,GET,/,None,0,Allowed,
2026-06-01T15:41:52.477250,185.33.216.70,GET,/login,None,0,Allowed,
2026-06-01T15:41:52.649168,185.221.19.110,GET,/about,None,0,Allowed,
2026-06-01T15:41:52.793165,185.229.173.101,GET,/search,None,0,Allowed,
2026-06-01T15:41:52.961156,185.53.11.147,GET,/login,None,0,Allowed,
2026-06-01T15:41:53.114927,185.112.105.248,GET,/login,None,0,Allowed,
2026-06-01T15:41:53.277888,185.65.141.191,GET,/login,None,0,Allowed,
2026-06-01T15:41:53.433797,185.109.53.3,GET,/,None,0,Allowed,
2026-06-01T15:41:53.591894,185.109.53.3,GET,/login,None,0,Allowed,
2026-06-01T15:41:53.744789,185.140.68.170,GET,/search,None,0,Allowed,
2026-06-01T15:41:53.915888,185.183.2.72,GET,/,None,0,Allowed,
2026-06-01T15:41:54.063353,185.183.2.72,GET,/login,None,0,Allowed,
2026-06-01T15:41:54.233653,185.195.54.105,GET,/about,None,0,Allowed,
2026-06-01T15:41:54.391216,185.246.101.39,GET,/,None,0,Allowed,
2026-06-01T15:41:54.562267,185.246.101.39,GET,/login,None,0,Allowed,
2026-06-01T15:41:54.702744,185.124.43.77,GET,/search,None,0,Allowed,
2026-06-01T15:41:54.877170,185.19.160.25,GET,/about,None,0,Allowed,
2026-06-01T15:41:55.029719,185.39.208.155,GET,/about,None,0,Allowed,
2026-06-01T15:41:55.201204,185.249.62.0,GET,/about,None,0,Allowed,
2026-06-01T15:41:55.356497,185.74.29.137,GET,/about,None,0,Allowed,
2026-06-01T15:41:55.527334,185.68.106.176,GET,/login,None,0,Allowed,
2026-06-01T15:41:55.684656,185.152.73.112,GET,/search,None,0,Allowed,
2026-06-01T15:41:55.842976,185.4.64.74,GET,/login,None,0,Allowed,
2026-06-01T15:41:56.002408,185.106.52.249,GET,/search,None,0,Allowed,
2026-06-01T15:41:56.167815,185.29.42.218,GET,/about,None,0,Allowed,
2026-06-01T15:41:56.319380,185.50.54.105,GET,/search,None,0,Allowed,
2026-06-01T15:41:56.484737,185.108.27.9,GET,/,None,0,Allowed,
2026-06-01T15:41:56.640211,185.108.27.9,GET,/login,None,0,Allowed,
2026-06-01T15:41:56.802372,185.222.49.164,GET,/login,None,0,Allowed,
2026-06-01T15:41:56.952082,185.22.69.111,GET,/login,None,0,Allowed,
2026-06-01T15:41:57.118140,185.39.49.113,GET,/,None,0,Allowed,
2026-06-01T15:41:57.277357,185.39.49.113,GET,/login,None,0,Allowed,
2026-06-01T15:41:57.433103,185.25.102.60,GET,/search,None,0,Allowed,
2026-06-01T15:41:57.604691,185.213.95.86,GET,/,None,0,Allowed,
2026-06-01T15:41:57.745044,185.213.95.86,GET,/login,None,0,Allowed,
2026-06-01T15:41:57.916375,185.97.35.241,GET,/login,None,0,Allowed,
2026-06-01T15:41:58.058797,185.105.232.141,GET,/about,None,0,Allowed,
2026-06-01T15:41:58.230314,185.9.170.244,GET,/search,None,0,Allowed,
2026-06-01T15:41:58.372077,185.108.179.184,GET,/search,None,0,Allowed,
2026-06-01T15:41:58.542479,185.198.198.251,GET,/,None,0,Allowed,
2026-06-01T15:41:58.683055,185.198.198.251,GET,/login,None,0,Allowed,
2026-06-01T15:41:58.854367,185.216.69.72,GET,/,None,0,Allowed,
2026-06-01T15:41:58.994032,185.216.69.72,GET,/login,None,0,Allowed,
2026-06-01T15:41:59.180915,185.134.16.203,GET,/login,None,0,Allowed,
2026-06-01T15:41:59.305956,185.33.228.200,GET,/,None,0,Allowed,
2026-06-01T15:41:59.500793,185.33.228.200,GET,/login,None,0,Allowed,
2026-06-01T15:41:59.626741,185.104.159.204,GET,/search,None,0,Allowed,
2026-06-01T15:41:59.813417,185.236.184.236,GET,/login,None,0,Allowed,
2026-06-01T15:41:59.938699,185.125.77.156,GET,/login,None,0,Allowed,
2026-06-01T15:54:08.024312,127.0.0.1,GET,/,None,0,Allowed,
2026-06-01T15:54:10.070812,127.0.0.1,GET,/login,None,0,Allowed,
2026-06-01T15:56:56.879110,127.0.0.1,GET,/test,None,0,Allowed,
2026-06-02T11:03:11.676186,127.0.0.1,GET,/test,None,0,Allowed,
2026-06-02T11:03:11.790857,127.0.0.1,GET,/test,None,0,Allowed,
2026-06-02T11:03:29.836154,127.0.0.1,GET,/api/auth,SQL Injection,5,HTTP 403 Forbidden,"{'query_id': '1 UNION SELECT null, password FROM users', 'header_user_agent': 'Mozilla/5.0 (Windows "
2026-06-02T11:03:30.596898,127.0.0.1,GET,/search,XSS,5,HTTP 403 Forbidden,"{'query_q': '<script>alert(document.cookie)</script>', 'header_user_agent': 'Mozilla/5.0 (Windows NT"
2026-06-02T11:03:33.533919,127.0.0.1,GET,/ping,"LFI,Command Injection",9,HTTP 403 Forbidden,"{'query_ip': '127.0.0.1; cat /etc/shadow', 'header_user_agent': 'Mozilla/5.0 (Windows NT 10.0; Win64"
2026-06-02T11:03:35.496968,127.0.0.1,GET,/download,LFI,4,HTTP 403 Forbidden,"{'query_file': '../../../../etc/passwd', 'header_user_agent': 'Mozilla/5.0 (Windows NT 10.0; Win64; "
2026-06-02T11:03:37.194600,185.179.48.235,POST,/login,None,0,Allowed,
2026-06-02T11:03:37.639993,185.179.48.235,POST,/login,None,0,Allowed,
2026-06-02T11:03:37.900119,185.179.48.235,POST,/login,None,0,Allowed,
2026-06-02T11:03:38.067814,185.179.48.235,POST,/login,None,0,Allowed,
2026-06-02T11:03:38.332113,185.179.48.235,POST,/login,None,0,Allowed,
2026-06-02T11:03:38.493873,185.190.10.57,GET,/,None,0,Allowed,
2026-06-02T11:03:38.609718,185.181.139.216,GET,/login,None,0,Allowed,
2026-06-02T11:03:38.656597,185.146.68.65,GET,/search,None,0,Allowed,
2026-06-02T11:03:38.671867,185.73.127.68,POST,/about,None,0,Allowed,
2026-06-02T11:03:38.670291,185.244.28.148,GET,/about,None,0,Allowed,
2026-06-02T11:03:38.734398,185.32.204.0,POST,/,None,0,Allowed,
2026-06-02T11:03:38.814244,185.205.140.37,POST,/search,None,0,Allowed,
2026-06-02T11:03:38.937266,185.179.48.235,POST,/login,None,0,HTTP 429 Too Many Requests,
2026-06-02T11:03:38.980069,185.37.237.167,GET,/,None,0,Allowed,
2026-06-02T11:03:39.036673,185.191.9.14,GET,/login,None,0,Allowed,
2026-06-02T11:03:39.040327,185.57.174.78,GET,/search,None,0,Allowed,
2026-06-02T11:03:39.058992,185.89.157.178,GET,/about,None,0,Allowed,
2026-06-02T11:03:39.306228,185.229.75.184,GET,/,None,0,Allowed,
2026-06-02T11:03:39.355350,185.154.235.190,GET,/login,None,0,Allowed,
2026-06-02T11:03:39.373811,185.207.204.156,GET,/search,None,0,Allowed,
2026-06-02T11:03:39.371024,185.179.48.235,POST,/login,None,0,HTTP 429 Too Many Requests,
2026-06-02T11:03:39.386856,185.172.154.217,GET,/about,None,0,Allowed,
2026-06-02T11:03:39.633614,185.65.59.21,GET,/,None,0,Allowed,
2026-06-02T11:03:39.690754,185.125.115.203,GET,/login,None,0,Allowed,
2026-06-02T11:03:39.694792,185.89.220.60,GET,/search,None,0,Allowed,
2026-06-02T11:03:39.716442,185.152.187.216,GET,/about,None,0,Allowed,
2026-06-02T11:03:39.808686,185.179.48.235,POST,/login,None,0,HTTP 429 Too Many Requests,
2026-06-02T11:03:39.950377,185.74.69.78,GET,/,None,0,Allowed,
2026-06-02T11:03:40.020711,185.104.122.72,GET,/login,None,0,Allowed,
2026-06-02T11:03:40.039687,185.117.71.41,GET,/about,None,0,Allowed,
2026-06-02T11:03:40.044276,185.120.246.19,GET,/search,None,0,Allowed,
2026-06-02T11:03:40.121647,185.235.112.234,POST,/search,None,0,Allowed,
2026-06-02T11:03:40.187484,185.84.159.162,POST,/about,None,0,Allowed,
2026-06-02T11:03:40.272739,185.179.48.235,POST,/login,None,0,HTTP 429 Too Many Requests,
2026-06-02T11:03:40.338457,185.207.30.236,POST,/,None,0,Allowed,
2026-06-02T11:03:40.369017,185.119.117.48,POST,/search,None,0,Allowed,
2026-06-02T11:03:40.373328,185.27.46.221,POST,/,None,0,Allowed,
2026-06-02T11:03:40.438641,185.233.26.48,POST,/search,None,0,Allowed,
2026-06-02T11:03:40.506287,185.237.3.209,GET,/,None,0,Allowed,
2026-06-02T11:03:40.590778,185.22.195.75,POST,/,None,0,Allowed,
2026-06-02T11:03:40.655111,185.254.111.186,POST,/search,None,0,Allowed,
2026-06-02T11:03:40.696283,185.145.74.93,POST,/login,None,0,Allowed,
2026-06-02T11:03:40.705906,185.243.137.220,GET,/login,None,0,Allowed,
2026-06-02T11:03:40.757122,185.62.70.138,GET,/about,None,0,Allowed,
2026-06-02T11:03:40.831320,185.61.215.89,GET,/search,None,0,Allowed,
2026-06-02T11:03:40.911741,185.218.38.228,POST,/login,None,0,Allowed,
2026-06-02T11:03:40.983651,185.113.46.19,POST,/about,None,0,Allowed,
2026-06-02T11:03:41.025687,185.217.128.118,POST,/search,None,0,Allowed,
2026-06-02T11:03:41.026757,185.49.77.165,POST,/search,None,0,Allowed,
2026-06-02T11:03:41.070380,185.162.81.120,POST,/about,None,0,Allowed,
2026-06-02T11:03:41.151725,185.198.231.175,POST,/,None,0,Allowed,
2026-06-02T11:03:41.231049,185.184.202.31,POST,/search,None,0,Allowed,
2026-06-02T11:03:41.305536,185.195.249.212,POST,/,None,0,Allowed,
2026-06-02T11:03:41.340762,185.6.153.159,POST,/,None,0,Allowed,
2026-06-02T11:03:41.356094,185.136.222.32,POST,/login,None,0,Allowed,
2026-06-02T11:03:41.392442,185.27.196.22,POST,/about,None,0,Allowed,
2026-06-02T11:03:41.472449,185.179.48.235,POST,/login,None,0,HTTP 429 Too Many Requests,
2026-06-02T11:03:41.555940,185.58.33.249,GET,/,None,0,Allowed,
2026-06-02T11:03:41.630758,185.190.10.57,GET,/login,None,0,Allowed,
2026-06-02T11:03:41.661608,185.57.195.178,GET,/about,None,0,Allowed,
2026-06-02T11:03:41.675833,185.207.199.136,GET,/search,None,0,Allowed,
2026-06-02T11:03:41.873017,185.134.216.219,GET,/,None,0,Allowed,
2026-06-02T11:03:41.875531,185.58.33.249,GET,/login,None,0,Allowed,
2026-06-02T11:03:41.935837,185.179.48.235,POST,/login,None,0,HTTP 429 Too Many Requests,
2026-06-02T11:03:41.948143,185.37.237.167,GET,/login,None,0,Allowed,
2026-06-02T11:03:41.982460,185.57.55.3,GET,/about,None,0,Allowed,
2026-06-02T11:03:41.995530,185.76.239.2,GET,/search,None,0,Allowed,
2026-06-02T11:03:42.194260,185.239.182.193,GET,/,None,0,Allowed,
2026-06-02T11:03:42.247023,185.134.216.219,GET,/login,None,0,Allowed,
2026-06-02T11:03:42.267013,185.229.75.184,GET,/login,None,0,Allowed,
2026-06-02T11:03:42.308673,185.12.189.147,GET,/about,None,0,Allowed,
2026-06-02T11:03:42.321749,185.235.44.89,GET,/search,None,0,Allowed,
2026-06-02T11:03:42.365258,185.179.48.235,POST,/login,None,0,HTTP 429 Too Many Requests,
2026-06-02T11:03:42.513847,185.220.135.97,GET,/,None,0,Allowed,
2026-06-02T11:03:42.564381,185.239.182.193,GET,/login,None,0,Allowed,
2026-06-02T11:03:42.587522,185.65.59.21,GET,/login,None,0,Allowed,
2026-06-02T11:03:42.627567,185.202.241.89,GET,/about,None,0,Allowed,
2026-06-02T11:03:42.639558,185.253.110.186,GET,/search,None,0,Allowed,
2026-06-02T11:03:42.787370,185.179.48.235,POST,/login,None,0,HTTP 429 Too Many Requests,
2026-06-02T11:03:42.832170,185.247.45.193,GET,/,None,0,Allowed,
2026-06-02T11:03:42.881838,185.220.135.97,GET,/login,None,0,Allowed,
2026-06-02T11:03:42.905151,185.236.13.83,GET,/login,None,0,Allowed,
2026-06-02T11:03:42.948240,185.49.72.117,GET,/about,None,0,Allowed,
2026-06-02T11:03:42.959447,185.30.16.245,GET,/search,None,0,Allowed,
2026-06-02T11:03:43.154642,185.71.98.206,GET,/,None,0,Allowed,
2026-06-02T11:03:43.207381,185.247.45.193,GET,/login,None,0,Allowed,
2026-06-02T11:03:43.219248,185.179.48.235,POST,/login,None,0,HTTP 429 Too Many Requests,
2026-06-02T11:03:43.227559,185.221.67.237,GET,/login,None,0,Allowed,
2026-06-02T11:03:43.273263,185.218.174.215,GET,/about,None,0,Allowed,
2026-06-02T11:03:43.279682,185.204.17.44,GET,/search,None,0,Allowed,
2026-06-02T11:03:43.482726,185.20.78.39,GET,/,None,0,Allowed,
2026-06-02T11:03:43.530385,185.71.98.206,GET,/login,None,0,Allowed,
2026-06-02T11:03:43.561044,185.172.175.113,GET,/login,None,0,Allowed,
2026-06-02T11:03:43.597024,185.25.155.218,GET,/about,None,0,Allowed,
2026-06-02T11:03:43.602619,185.179.140.149,GET,/search,None,0,Allowed,
2026-06-02T11:03:43.655301,185.179.48.235,POST,/login,None,0,HTTP 429 Too Many Requests,
2026-06-02T11:03:43.797920,185.57.230.95,GET,/,None,0,Allowed,
2026-06-02T11:03:43.857449,185.20.78.39,GET,/login,None,0,Allowed,
2026-06-02T11:03:43.885214,185.84.87.247,GET,/login,None,0,Allowed,
2026-06-02T11:03:43.927179,185.167.81.26,GET,/about,None,0,Allowed,
2026-06-02T11:03:43.930631,185.213.141.10,GET,/search,None,0,Allowed,
2026-06-02T11:03:44.088693,185.179.48.235,POST,/login,None,0,HTTP 429 Too Many Requests,
2026-06-02T11:03:44.118891,185.87.228.124,GET,/,None,0,Allowed,
2026-06-02T11:03:44.186782,185.57.230.95,GET,/login,None,0,Allowed,
2026-06-02T11:03:44.216975,185.101.13.179,GET,/login,None,0,Allowed,
2026-06-02T11:03:44.252308,185.14.241.39,GET,/about,None,0,Allowed,
2026-06-02T11:03:44.260662,185.50.33.61,GET,/search,None,0,Allowed,
2026-06-02T11:03:44.435897,185.253.88.199,GET,/,None,0,Allowed,
2026-06-02T11:03:44.515400,185.87.228.124,GET,/login,None,0,Allowed,
2026-06-02T11:03:44.526028,185.179.48.235,POST,/login,None,0,HTTP 429 Too Many Requests,
2026-06-02T11:03:44.538496,185.102.204.218,GET,/login,None,0,Allowed,
2026-06-02T11:03:44.579832,185.254.203.241,GET,/about,None,0,Allowed,
2026-06-02T11:03:44.590333,185.195.67.242,GET,/search,None,0,Allowed,
2026-06-02T11:03:44.761026,185.218.238.179,GET,/,None,0,Allowed,
2026-06-02T11:03:44.841440,185.253.88.199,GET,/login,None,0,Allowed,
2026-06-02T11:03:44.871546,185.192.7.115,GET,/login,None,0,Allowed,
2026-06-02T11:03:44.903212,185.179.34.135,GET,/about,None,0,Allowed,
2026-06-02T11:03:44.914564,185.187.113.169,GET,/search,None,0,Allowed,
2026-06-02T11:03:44.966467,185.179.48.235,POST,/login,None,0,HTTP 429 Too Many Requests,
2026-06-02T11:03:45.092083,185.111.78.121,GET,/,None,0,Allowed,
2026-06-02T11:03:45.154319,185.218.238.179,GET,/login,None,0,Allowed,
2026-06-02T11:03:45.200897,185.113.72.253,GET,/login,None,0,Allowed,
2026-06-02T11:03:45.232712,185.140.13.34,GET,/about,None,0,Allowed,
2026-06-02T11:03:45.407368,185.41.137.117,GET,/,None,0,Allowed,
2026-06-02T11:03:45.469362,185.111.78.121,GET,/login,None,0,Allowed,
2026-06-02T11:03:45.514981,185.203.203.110,GET,/login,None,0,Allowed,
2026-06-02T11:03:45.561375,185.43.211.4,GET,/about,None,0,Allowed,
2026-06-02T11:03:45.722183,185.178.251.89,GET,/,None,0,Allowed,
2026-06-02T11:03:45.785309,185.41.137.117,GET,/login,None,0,Allowed,
2026-06-02T11:03:45.833409,185.241.157.146,GET,/login,None,0,Allowed,
2026-06-02T11:03:46.052962,185.242.172.218,GET,/,None,0,Allowed,
2026-06-02T11:03:46.116003,185.178.251.89,GET,/login,None,0,Allowed,
2026-06-02T11:03:46.163812,185.154.111.194,GET,/login,None,0,Allowed,
2026-06-02T11:03:46.360522,185.179.48.235,POST,/login,None,0,HTTP 429 Too Many Requests,
2026-06-02T11:03:46.377256,185.64.237.207,GET,/,None,0,Allowed,
2026-06-02T11:03:46.435878,185.242.172.218,GET,/login,None,0,Allowed,
2026-06-02T11:03:46.488432,185.77.55.243,GET,/login,None,0,Allowed,
2026-06-02T11:03:46.714918,185.238.24.62,GET,/,None,0,Allowed,
2026-06-02T11:03:46.756652,185.64.237.207,GET,/login,None,0,Allowed,
2026-06-02T11:03:46.816467,185.74.69.78,GET,/login,None,0,Allowed,
2026-06-02T11:03:47.032910,185.126.170.98,GET,/,None,0,Allowed,
2026-06-02T11:03:47.082092,185.238.24.62,GET,/login,None,0,Allowed,
2026-06-02T11:03:47.135405,185.221.71.13,GET,/login,None,0,Allowed,
2026-06-02T11:03:47.346318,185.179.48.235,POST,/login,None,0,Allowed,
2026-06-02T11:03:47.348859,185.40.158.197,GET,/,None,0,Allowed,
2026-06-02T11:03:47.408478,185.126.170.98,GET,/login,None,0,Allowed,
2026-06-02T11:03:47.455259,185.250.132.181,GET,/login,None,0,Allowed,
2026-06-02T11:03:47.663132,185.40.158.197,GET,/login,None,0,Allowed,
2026-06-02T11:03:47.663132,185.175.29.188,GET,/,None,0,Allowed,
2026-06-02T11:03:47.773291,185.20.109.40,GET,/login,None,0,Allowed,
2026-06-02T11:03:47.978792,185.59.254.5,GET,/,None,0,Allowed,
2026-06-02T11:03:47.991816,185.175.29.188,GET,/login,None,0,Allowed,
2026-06-02T11:03:48.102147,185.63.36.37,GET,/login,None,0,Allowed,
2026-06-02T11:03:48.296375,185.196.64.62,GET,/,None,0,Allowed,
2026-06-02T11:03:48.310629,185.59.254.5,GET,/login,None,0,Allowed,
2026-06-02T11:03:48.422667,185.38.22.237,GET,/login,None,0,Allowed,
2026-06-02T11:03:48.621539,185.160.99.70,GET,/,None,0,Allowed,
2026-06-02T11:03:48.631239,185.196.64.62,GET,/login,None,0,Allowed,
2026-06-02T11:03:48.743240,185.233.192.225,GET,/login,None,0,Allowed,
2026-06-02T11:03:48.948236,185.77.96.31,GET,/,None,0,Allowed,
2026-06-02T11:03:48.949827,185.160.99.70,GET,/login,None,0,Allowed,
2026-06-02T11:03:49.059210,185.228.58.243,GET,/login,None,0,Allowed,
2026-06-02T11:03:49.264565,185.193.38.109,GET,/,None,0,Allowed,
2026-06-02T11:03:49.266578,185.77.96.31,GET,/login,None,0,Allowed,
2026-06-02T11:03:49.375021,185.34.234.1,GET,/login,None,0,Allowed,
2026-06-02T11:03:49.589596,185.247.50.3,GET,/,None,0,Allowed,
2026-06-02T11:03:49.596164,185.193.38.109,GET,/login,None,0,Allowed,
2026-06-02T11:03:49.701653,185.30.211.170,GET,/login,None,0,Allowed,
2026-06-02T11:03:49.937475,185.84.12.201,GET,/,None,0,Allowed,
2026-06-02T11:03:49.948095,185.247.50.3,GET,/login,None,0,Allowed,
2026-06-02T11:03:50.030200,185.75.235.104,GET,/login,None,0,Allowed,
2026-06-02T11:03:50.254539,185.216.30.198,GET,/,None,0,Allowed,
2026-06-02T11:03:50.265222,185.84.12.201,GET,/login,None,0,Allowed,
2026-06-02T11:03:50.356521,185.25.177.249,GET,/login,None,0,Allowed,
2026-06-02T11:03:50.580865,185.14.169.42,GET,/,None,0,Allowed,
2026-06-02T11:03:50.582885,185.216.30.198,GET,/login,None,0,Allowed,
2026-06-02T11:03:50.673169,185.200.101.218,GET,/login,None,0,Allowed,
2026-06-02T11:03:50.910067,185.14.169.42,GET,/login,None,0,Allowed,
2026-06-02T11:03:50.987326,185.14.149.50,GET,/login,None,0,Allowed,
2026-06-02T11:03:51.304106,185.237.3.209,GET,/login,None,0,Allowed,
2026-06-02T13:02:28.544949,127.0.0.1,POST,/login,None,0,Allowed,
